{"add-an-image-to-pdf-with-alt-text-rollout":{"slug":"add-an-image-to-pdf-with-alt-text-rollout","branch":{"slug":"control","ratio":1,"feature":{"value":{},"enabled":false,"featureId":"this-is-included-for-desktop-pre-95-support"},"features":[{"value":{"boolean":true},"enabled":true,"featureId":"addAnImageInPDF"}]},"active":true,"enrollmentId":"2452f15b-6dc1-4839-9e91-ab72c5ae06ed","experimentType":"rollout","source":"rs-loader","userFacingName":"Add an Image to PDF (with Alt Text) - Rollout","userFacingDescription":"One of the important features users need when managing their PDF files is adding an image. Users want an easy way to add an image to their PDF documents that they can easily resize and move around the document. This experiment measures the impact of launching this feature for Firefox users and if that impacts their usage in any way. Specifically, we are trying to understand the impact on Firefox Daily Active Users (DAU) as a result of launching this feature.","lastSeen":"2023-10-29T13:32:30.213Z","featureIds":["addAnImageInPDF"],"prefs":[{"name":"pdfjs.enableStampEditor","branch":"default","featureId":"addAnImageInPDF","variable":"boolean","originalValue":false}],"isRollout":true},"csv-import-release-rollout":{"slug":"csv-import-release-rollout","branch":{"slug":"enable-csv-import","ratio":1,"feature":{"value":{},"enabled":false,"featureId":"this-is-included-for-desktop-pre-95-support"},"features":[{"value":{"csvImport":true},"enabled":true,"featureId":"cm-csv-import"}]},"active":true,"enrollmentId":"418e8885-6b29-4316-8cf2-b7e76885b407","experimentType":"rollout","source":"rs-loader","userFacingName":"CSV Import (Release Rollout)","userFacingDescription":"This rollout enables users to import logins from a CSV file from the about:logins page.","lastSeen":"2023-10-29T13:32:30.240Z","featureIds":["cm-csv-import"],"prefs":[{"name":"signon.management.page.fileImport.enabled","branch":"default","featureId":"cm-csv-import","variable":"csvImport","originalValue":false}],"isRollout":true},"ech-roll-out":{"slug":"ech-roll-out","branch":{"slug":"rollout","ratio":1,"feature":{"value":{},"enabled":false,"featureId":"this-is-included-for-desktop-pre-95-support"},"features":[{"value":{"h3Enabled":true,"tlsEnabled":true,"tlsGreaseProb":100,"h3GreaseEnabled":true,"forceWaitHttpsRR":true,"insecureFallback":false,"greasePaddingSize":100,"disableGreaseOnFallback":false},"enabled":true,"featureId":"echPrefs"}]},"active":true,"enrollmentId":"5141c80d-9533-4138-ba65-0daf9ea4f3d9","experimentType":"rollout","source":"rs-loader","userFacingName":"Encrypted Client Hello","userFacingDescription":"Encrypted Client Hello is a new TLS feature which provides greater privacy for HTTPS connections.","lastSeen":"2023-10-29T13:32:30.249Z","featureIds":["echPrefs"],"prefs":[{"name":"network.dns.http3_echconfig.enabled","branch":"default","featureId":"echPrefs","variable":"h3Enabled","originalValue":true},{"name":"network.dns.echconfig.enabled","branch":"default","featureId":"echPrefs","variable":"tlsEnabled","originalValue":true},{"name":"security.tls.ech.grease_probability","branch":"default","featureId":"echPrefs","variable":"tlsGreaseProb","originalValue":100},{"name":"security.tls.ech.grease_http3","branch":"default","featureId":"echPrefs","variable":"h3GreaseEnabled","originalValue":true},{"name":"network.dns.force_waiting_https_rr","branch":"default","featureId":"echPrefs","variable":"forceWaitHttpsRR","originalValue":true},{"name":"network.dns.echconfig.fallback_to_origin_when_all_failed","branch":"default","featureId":"echPrefs","variable":"insecureFallback","originalValue":false},{"name":"security.tls.ech.grease_size","branch":"default","featureId":"echPrefs","variable":"greasePaddingSize","originalValue":100},{"name":"security.tls.ech.disable_grease_on_fallback","branch":"default","featureId":"echPrefs","variable":"disableGreaseOnFallback","originalValue":false}],"isRollout":true},"firefox-view-update-experiment":{"slug":"firefox-view-update-experiment","branch":{"slug":"control","ratio":1,"feature":{"value":{},"enabled":false,"featureId":"this-is-included-for-desktop-pre-95-support"},"features":[{"value":{"enabled":false,"newIcon":false},"enabled":true,"featureId":"firefoxViewNext"}]},"active":true,"enrollmentId":"bb44c8c5-b763-48cd-8526-d833f85b8ee0","experimentType":"nimbus","source":"rs-loader","userFacingName":"Firefox View Update Experiment","userFacingDescription":"We are updating the Firefox View icon and surface with features like - Recent browsing, Opened tabs, Recently closed tabs, and Tabs from other devices.","lastSeen":"2023-10-29T13:32:30.255Z","featureIds":["firefoxViewNext"],"prefs":[],"isRollout":false},"serp-ad-telemetry-rollout":{"slug":"serp-ad-telemetry-rollout","branch":{"slug":"control","ratio":1,"feature":{"value":{},"enabled":false,"featureId":"this-is-included-for-desktop-pre-95-support"},"features":[{"value":{"serpEventTelemetryEnabled":true},"enabled":true,"featureId":"search"}]},"active":true,"enrollmentId":"60e4b6dd-1811-4190-bb27-d64d6e6beeac","experimentType":"rollout","source":"rs-loader","userFacingName":"SERP Ad Telemetry Rollout","userFacingDescription":"Telemetry improvements.","lastSeen":"2023-10-29T13:32:30.320Z","featureIds":["search"],"prefs":[{"name":"browser.search.serpEventTelemetry.enabled","branch":"default","featureId":"search","variable":"serpEventTelemetryEnabled","originalValue":true}],"isRollout":true},"upgrade-spotlight-rollout":{"slug":"upgrade-spotlight-rollout","branch":{"slug":"treatment","ratio":1,"feature":{"value":{},"enabled":false,"featureId":"this-is-included-for-desktop-pre-95-support"},"features":[{"value":{"enabled":false},"enabled":true,"featureId":"upgradeDialog"}]},"active":true,"enrollmentId":"695625f8-9aee-40c4-81dd-92988e426252","experimentType":"rollout","source":"rs-loader","userFacingName":"Upgrade Spotlight Rollout","userFacingDescription":"Experimenting on onboarding content when you upgrade Firefox.","lastSeen":"2023-10-29T13:32:30.355Z","featureIds":["upgradeDialog"],"prefs":[],"isRollout":true}}