{"schemaVersion":35,"addons":[{"id":"formautofill@mozilla.org","syncGUID":"{bf23e10d-1fcf-406a-b94d-7290c6515d4b}","version":"1.0.1","type":"extension","loader":null,"updateURL":null,"installOrigins":null,"manifestVersion":2,"optionsURL":null,"optionsType":null,"optionsBrowserStyle":true,"aboutURL":null,"defaultLocale":{"name":"Form Autofill","creator":null,"developers":null,"translators":null,"contributors":null},"visible":true,"active":true,"userDisabled":false,"appDisabled":false,"embedderDisabled":false,"installDate":1695777712429,"updateDate":1695777712429,"applyBackgroundUpdates":1,"path":"C:\\Program Files\\Mozilla Firefox\\browser\\features\\formautofill@mozilla.org.xpi","skinnable":false,"sourceURI":null,"releaseNotesURI":null,"softDisabled":false,"foreignInstall":false,"strictCompatibility":true,"locales":[],"targetApplications":[{"id":"toolkit@mozilla.org","minVersion":null,"maxVersion":null}],"targetPlatforms":[],"signedDate":null,"seen":true,"dependencies":[],"incognito":"spanning","userPermissions":{"permissions":[],"origins":[]},"optionalPermissions":{"permissions":[],"origins":[]},"icons":{},"iconURL":null,"blocklistState":0,"blocklistURL":null,"startupData":null,"hidden":true,"installTelemetryInfo":null,"recommendationState":null,"rootURI":"jar:file:///C:/Program%20Files/Mozilla%20Firefox/browser/features/formautofill@mozilla.org.xpi!/","location":"app-system-defaults"},{"id":"pictureinpicture@mozilla.org","syncGUID":"{ee318b40-2bcd-4b40-9e0e-fb076e32dd05}","version":"1.0.0","type":"extension","loader":null,"updateURL":null,"installOrigins":null,"manifestVersion":2,"optionsURL":null,"optionsType":null,"optionsBrowserStyle":true,"aboutURL":null,"defaultLocale":{"name":"Picture-In-Picture","description":"Fixes for web compatibility with Picture-in-Picture","creator":null,"developers":null,"translators":null,"contributors":null},"visible":true,"active":true,"userDisabled":false,"appDisabled":false,"embedderDisabled":false,"installDate":1698195302790,"updateDate":1698195302790,"applyBackgroundUpdates":1,"path":"C:\\Program Files\\Mozilla Firefox\\browser\\features\\pictureinpicture@mozilla.org.xpi","skinnable":false,"sourceURI":null,"releaseNotesURI":null,"softDisabled":false,"foreignInstall":false,"strictCompatibility":true,"locales":[],"targetApplications":[{"id":"toolkit@mozilla.org","minVersion":"88.0a1","maxVersion":null}],"targetPlatforms":[],"signedDate":null,"seen":true,"dependencies":[],"incognito":"spanning","userPermissions":{"permissions":[],"origins":[]},"optionalPermissions":{"permissions":[],"origins":[]},"icons":{},"iconURL":null,"blocklistState":0,"blocklistURL":null,"startupData":null,"hidden":true,"installTelemetryInfo":null,"recommendationState":null,"rootURI":"jar:file:///C:/Program%20Files/Mozilla%20Firefox/browser/features/pictureinpicture@mozilla.org.xpi!/","location":"app-system-defaults"},{"id":"screenshots@mozilla.org","syncGUID":"{17470672-1f21-48dc-99de-173d80ba29d6}","version":"39.0.1","type":"extension","loader":null,"updateURL":null,"installOrigins":null,"manifestVersion":2,"optionsURL":null,"optionsType":null,"optionsBrowserStyle":true,"aboutURL":null,"defaultLocale":{"name":"Firefox Screenshots","description":"Take clips and screenshots from the Web and save them temporarily or permanently.","creator":"Mozilla <screenshots-feedback@mozilla.com>","homepageURL":"https://github.com/mozilla-services/screenshots","developers":null,"translators":null,"contributors":null},"visible":true,"active":true,"userDisabled":false,"appDisabled":false,"embedderDisabled":false,"installDate":1698195302785,"updateDate":1698195302785,"applyBackgroundUpdates":1,"path":"C:\\Program Files\\Mozilla Firefox\\browser\\features\\screenshots@mozilla.org.xpi","skinnable":false,"sourceURI":null,"releaseNotesURI":null,"softDisabled":false,"foreignInstall":false,"strictCompatibility":true,"locales":[],"targetApplications":[{"id":"toolkit@mozilla.org","minVersion":"57.0a1","maxVersion":null}],"targetPlatforms":[],"signedDate":null,"seen":true,"dependencies":[],"incognito":"spanning","userPermissions":{"permissions":["activeTab","downloads","tabs","storage","notifications","clipboardWrite","contextMenus","mozillaAddons","telemetry"],"origins":["<all_urls>","https://screenshots.firefox.com/","resource://pdf.js/","about:reader*","https://screenshots.firefox.com/*"]},"optionalPermissions":{"permissions":[],"origins":[]},"icons":{},"iconURL":null,"blocklistState":0,"blocklistURL":null,"startupData":null,"hidden":true,"installTelemetryInfo":null,"recommendationState":null,"rootURI":"jar:file:///C:/Program%20Files/Mozilla%20Firefox/browser/features/screenshots@mozilla.org.xpi!/","location":"app-system-defaults"},{"id":"webcompat-reporter@mozilla.org","syncGUID":"{2a342bcb-d199-49b2-873f-0521941020de}","version":"1.5.1","type":"extension","loader":null,"updateURL":null,"installOrigins":null,"manifestVersion":2,"optionsURL":null,"optionsType":null,"optionsBrowserStyle":true,"aboutURL":null,"defaultLocale":{"name":"WebCompat Reporter","description":"Report site compatibility issues on webcompat.com","creator":"Thomas Wisniewski <twisniewski@mozilla.com>","homepageURL":"https://github.com/mozilla/webcompat-reporter","developers":null,"translators":null,"contributors":null},"visible":true,"active":false,"userDisabled":true,"appDisabled":false,"embedderDisabled":false,"installDate":1695777712409,"updateDate":1695777712409,"applyBackgroundUpdates":1,"path":"C:\\Program Files\\Mozilla Firefox\\browser\\features\\webcompat-reporter@mozilla.org.xpi","skinnable":false,"sourceURI":null,"releaseNotesURI":null,"softDisabled":false,"foreignInstall":false,"strictCompatibility":true,"locales":[],"targetApplications":[{"id":"toolkit@mozilla.org","minVersion":null,"maxVersion":null}],"targetPlatforms":[],"signedDate":null,"seen":true,"dependencies":[],"incognito":"spanning","userPermissions":{"permissions":["tabs"],"origins":["<all_urls>"]},"optionalPermissions":{"permissions":[],"origins":[]},"icons":{"16":"icons/lightbulb.svg","32":"icons/lightbulb.svg","48":"icons/lightbulb.svg","96":"icons/lightbulb.svg","128":"icons/lightbulb.svg"},"iconURL":null,"blocklistState":0,"blocklistURL":null,"startupData":null,"hidden":true,"installTelemetryInfo":null,"recommendationState":null,"rootURI":"jar:file:///C:/Program%20Files/Mozilla%20Firefox/browser/features/webcompat-reporter@mozilla.org.xpi!/","location":"app-system-defaults"},{"id":"webcompat@mozilla.org","syncGUID":"{4d7f3965-37d8-496b-8eca-4c6333a1390c}","version":"119.0.0","type":"extension","loader":null,"updateURL":null,"installOrigins":null,"manifestVersion":2,"optionsURL":null,"optionsType":null,"optionsBrowserStyle":true,"aboutURL":null,"defaultLocale":{"name":"Web Compatibility Interventions","description":"Urgent post-release fixes for web compatibility.","creator":null,"developers":null,"translators":null,"contributors":null},"visible":true,"active":true,"userDisabled":false,"appDisabled":false,"embedderDisabled":false,"installDate":1698195302775,"updateDate":1698195302775,"applyBackgroundUpdates":1,"path":"C:\\Program Files\\Mozilla Firefox\\browser\\features\\webcompat@mozilla.org.xpi","skinnable":false,"sourceURI":null,"releaseNotesURI":null,"softDisabled":false,"foreignInstall":false,"strictCompatibility":true,"locales":[],"targetApplications":[{"id":"toolkit@mozilla.org","minVersion":"102.0","maxVersion":null}],"targetPlatforms":[],"signedDate":null,"seen":true,"dependencies":[],"incognito":"spanning","userPermissions":{"permissions":["mozillaAddons","scripting","tabs","webNavigation","webRequest","webRequestBlocking"],"origins":["<all_urls>"]},"optionalPermissions":{"permissions":[],"origins":[]},"icons":{},"iconURL":null,"blocklistState":0,"blocklistURL":null,"startupData":null,"hidden":true,"installTelemetryInfo":null,"recommendationState":null,"rootURI":"jar:file:///C:/Program%20Files/Mozilla%20Firefox/browser/features/webcompat@mozilla.org.xpi!/","location":"app-system-defaults"},{"id":"default-theme@mozilla.org","syncGUID":"{cb164af4-4857-4158-92a7-a170276ba878}","version":"1.3","type":"theme","loader":null,"updateURL":null,"installOrigins":null,"manifestVersion":2,"optionsURL":null,"optionsType":null,"optionsBrowserStyle":true,"aboutURL":null,"defaultLocale":{"name":"System theme — auto","description":"Follow the operating system setting for buttons, menus, and windows.","creator":"Mozilla","developers":null,"translators":null,"contributors":null},"visible":true,"active":true,"userDisabled":false,"appDisabled":false,"embedderDisabled":false,"installDate":1698586345225,"applyBackgroundUpdates":1,"path":null,"skinnable":false,"sourceURI":null,"releaseNotesURI":null,"softDisabled":false,"foreignInstall":false,"strictCompatibility":true,"locales":[],"targetApplications":[{"id":"toolkit@mozilla.org","minVersion":null,"maxVersion":null}],"targetPlatforms":[],"signedDate":null,"seen":true,"dependencies":[],"userPermissions":null,"optionalPermissions":null,"icons":{"32":"icon.svg"},"iconURL":null,"blocklistState":0,"blocklistURL":null,"startupData":null,"hidden":false,"installTelemetryInfo":null,"recommendationState":null,"rootURI":"resource://default-theme/","location":"app-builtin"},{"id":"addons-search-detection@mozilla.com","syncGUID":"{50fd6429-eb85-4247-b420-4849545beb4c}","version":"2.0.0","type":"extension","loader":null,"updateURL":null,"installOrigins":null,"manifestVersion":2,"optionsURL":null,"optionsType":null,"optionsBrowserStyle":true,"aboutURL":null,"defaultLocale":{"name":"Add-ons Search Detection","description":"","creator":null,"developers":null,"translators":null,"contributors":null},"visible":true,"active":true,"userDisabled":false,"appDisabled":false,"embedderDisabled":false,"installDate":1698586348923,"applyBackgroundUpdates":1,"path":null,"skinnable":false,"sourceURI":null,"releaseNotesURI":null,"softDisabled":false,"foreignInstall":false,"strictCompatibility":true,"locales":[],"targetApplications":[{"id":"toolkit@mozilla.org","minVersion":null,"maxVersion":null}],"targetPlatforms":[],"signedDate":null,"seen":true,"dependencies":[],"incognito":"spanning","userPermissions":{"permissions":["telemetry","webRequest","webRequestBlocking"],"origins":["<all_urls>"]},"optionalPermissions":{"permissions":[],"origins":[]},"icons":{},"iconURL":null,"blocklistState":0,"blocklistURL":null,"startupData":null,"hidden":true,"installTelemetryInfo":null,"recommendationState":null,"rootURI":"resource://builtin-addons/search-detection/","location":"app-builtin"},{"id":"google@search.mozilla.org","syncGUID":"{40dfff4c-e9ad-43c2-a202-bb8570077462}","version":"1.4","type":"extension","loader":null,"updateURL":null,"installOrigins":null,"manifestVersion":2,"optionsURL":null,"optionsType":null,"optionsBrowserStyle":true,"aboutURL":null,"defaultLocale":{"name":"Google","description":"Google Search","creator":null,"developers":null,"translators":null,"contributors":null},"visible":true,"active":true,"userDisabled":false,"appDisabled":false,"embedderDisabled":false,"installDate":1698586349235,"applyBackgroundUpdates":1,"path":null,"skinnable":false,"sourceURI":null,"releaseNotesURI":null,"softDisabled":false,"foreignInstall":false,"strictCompatibility":true,"locales":[{"name":"Google","description":"Google Search","creator":null,"developers":null,"translators":null,"contributors":null,"locales":["en"]},{"name":"Google","description":"Google Search","creator":null,"developers":null,"translators":null,"contributors":null,"locales":["region-ru"]},{"name":"Google","description":"Google Search","creator":null,"developers":null,"translators":null,"contributors":null,"locales":["region-by"]},{"name":"Google","description":"Google Search","creator":null,"developers":null,"translators":null,"contributors":null,"locales":["region-tr"]},{"name":"Google","description":"Google Search","creator":null,"developers":null,"translators":null,"contributors":null,"locales":["region-kz"]}],"targetApplications":[{"id":"toolkit@mozilla.org","minVersion":null,"maxVersion":null}],"targetPlatforms":[],"signedDate":null,"seen":true,"dependencies":[],"incognito":"spanning","userPermissions":{"permissions":[],"origins":[]},"optionalPermissions":{"permissions":[],"origins":[]},"icons":{"16":"favicon.ico"},"iconURL":null,"blocklistState":0,"blocklistURL":null,"startupData":null,"hidden":true,"installTelemetryInfo":null,"recommendationState":null,"rootURI":"resource://search-extensions/google/","location":"app-builtin"},{"id":"amazondotcom@search.mozilla.org","syncGUID":"{33648828-395a-4238-935a-c3cdb8742b1c}","version":"1.6","type":"extension","loader":null,"updateURL":null,"installOrigins":null,"manifestVersion":2,"optionsURL":null,"optionsType":null,"optionsBrowserStyle":true,"aboutURL":null,"defaultLocale":{"name":"Amazon.com","description":"Amazon.com Search","creator":null,"developers":null,"translators":null,"contributors":null},"visible":true,"active":true,"userDisabled":false,"appDisabled":false,"embedderDisabled":false,"installDate":1698586349304,"applyBackgroundUpdates":1,"path":null,"skinnable":false,"sourceURI":null,"releaseNotesURI":null,"softDisabled":false,"foreignInstall":false,"strictCompatibility":true,"locales":[{"name":"Amazon.com","description":"Amazon.com Search","creator":null,"developers":null,"translators":null,"contributors":null,"locales":["en"]},{"name":"Amazon.com","description":"Amazon.com Search","creator":null,"developers":null,"translators":null,"contributors":null,"locales":["us"]}],"targetApplications":[{"id":"toolkit@mozilla.org","minVersion":null,"maxVersion":null}],"targetPlatforms":[],"signedDate":null,"seen":true,"dependencies":[],"incognito":"spanning","userPermissions":{"permissions":[],"origins":[]},"optionalPermissions":{"permissions":[],"origins":[]},"icons":{"16":"favicon.ico"},"iconURL":null,"blocklistState":0,"blocklistURL":null,"startupData":null,"hidden":true,"installTelemetryInfo":null,"recommendationState":null,"rootURI":"resource://search-extensions/amazondotcom/","location":"app-builtin"},{"id":"wikipedia@search.mozilla.org","syncGUID":"{7bf06850-0ca1-438d-aed2-05b0a1b025ca}","version":"1.3","type":"extension","loader":null,"updateURL":null,"installOrigins":null,"manifestVersion":2,"optionsURL":null,"optionsType":null,"optionsBrowserStyle":true,"aboutURL":null,"defaultLocale":{"name":"Wikipedia (en)","description":"Wikipedia, the Free Encyclopedia","creator":null,"developers":null,"translators":null,"contributors":null},"visible":true,"active":true,"userDisabled":false,"appDisabled":false,"embedderDisabled":false,"installDate":1698586349384,"applyBackgroundUpdates":1,"path":null,"skinnable":false,"sourceURI":null,"releaseNotesURI":null,"softDisabled":false,"foreignInstall":false,"strictCompatibility":true,"locales":[{"name":"Wikipedia (en)","description":"Wikipedia, the Free Encyclopedia","creator":null,"developers":null,"translators":null,"contributors":null,"locales":["en"]},{"name":"Wikipedija (hr)","description":"Wikipedija, slobodna enciklopedija","creator":null,"developers":null,"translators":null,"contributors":null,"locales":["hr"]},{"name":"Wikipedia (fi)","description":"Wikipedia (fi), vapaa tietosanakirja","creator":null,"developers":null,"translators":null,"contributors":null,"locales":["fi"]},{"name":"Wikipedia (hy)","description":"Վիքիփեդիա՝ ազատ հանրագիտարան","creator":null,"developers":null,"translators":null,"contributors":null,"locales":["hy"]},{"name":"Уикипедия (kk)","description":"Уикипедия (kk)","creator":null,"developers":null,"translators":null,"contributors":null,"locales":["kk"]},{"name":"Вікіпедыя (be)","description":"Вікіпедыя, свабодная энцыклапедыя","creator":null,"developers":null,"translators":null,"contributors":null,"locales":["be"]},{"name":"Vikipetã (gn)","description":"Vikipetã, opaite tembikuaa hekosãsóva renda","creator":null,"developers":null,"translators":null,"contributors":null,"locales":["gn"]},{"name":"Wikipedia (ro)","description":"Wikipedia, enciclopedia liberă","creator":null,"developers":null,"translators":null,"contributors":null,"locales":["ro"]},{"name":"Wikipedia (es)","description":"Wikipedia, la enciclopedia libre","creator":null,"developers":null,"translators":null,"contributors":null,"locales":["es"]},{"name":"Wikipedia (pt)","description":"Wikipédia, a enciclopédia livre","creator":null,"developers":null,"translators":null,"contributors":null,"locales":["pt"]},{"name":"위키백과 (ko)","description":"Wikipedia, the free encyclopedia","creator":null,"developers":null,"translators":null,"contributors":null,"locales":["kr"]},{"name":"વિકિપીડિયા (gu)","description":"વીકીપીડિયા, મુક્ત એનસાયક્લોપીડિયા","creator":null,"developers":null,"translators":null,"contributors":null,"locales":["gu"]},{"name":"Wikipedia (el)","description":"Βικιπαίδεια, η ελεύθερη εγκυκλοπαίδεια","creator":null,"developers":null,"translators":null,"contributors":null,"locales":["el"]},{"name":"ויקיפדיה","description":"ויקיפדיה","creator":null,"developers":null,"translators":null,"contributors":null,"locales":["he"]},{"name":"Wikipedia (bs)","description":"Slobodna enciklopedija","creator":null,"developers":null,"translators":null,"contributors":null,"locales":["bs"]},{"name":"Wikipedia (da)","description":"Wikipedia, den frie encyklopædi","creator":null,"developers":null,"translators":null,"contributors":null,"locales":["da"]},{"name":"Wikipedia (tr)","description":"Vikipedi, özgür ansiklopedi","creator":null,"developers":null,"translators":null,"contributors":null,"locales":["tr"]},{"name":"Wikipedija (hsb)","description":"Wikipedija, swobodna encyklopedija","creator":null,"developers":null,"translators":null,"contributors":null,"locales":["hsb"]},{"name":"Wikipedy (fy)","description":"De fergese ensyklopedy","creator":null,"developers":null,"translators":null,"contributors":null,"locales":["fy-NL"]},{"name":"विकिपीडिया (ne)","description":"विकिपिडिया एक स्वतन्त्र विश्वकोष","creator":null,"developers":null,"translators":null,"contributors":null,"locales":["ne"]},{"name":"Wikipedia (nl)","description":"De vrije encyclopedie","creator":null,"developers":null,"translators":null,"contributors":null,"locales":["nl"]},{"name":"Wikipedia (ja)","description":"Wikipedia - フリー百科事典","creator":null,"developers":null,"translators":null,"contributors":null,"locales":["ja"]},{"name":"Vikipeedia (et)","description":"Vikipeedia, vaba entsüklopeedia","creator":null,"developers":null,"translators":null,"contributors":null,"locales":["et"]},{"name":"Wikipèdia (oc)","description":"Wikipèdia, l'enciclopèdia liura","creator":null,"developers":null,"translators":null,"contributors":null,"locales":["oc"]},{"name":"Wicipedia (cy)","description":"Wicipedia, Y Gwyddioniadur Rhydd","creator":null,"developers":null,"translators":null,"contributors":null,"locales":["cy"]},{"name":"వికీపీడియా (te)","description":"వికీపీడియా (te)","creator":null,"developers":null,"translators":null,"contributors":null,"locales":["te"]},{"name":"Wikipédia (fr)","description":"Wikipédia, l'encyclopédie libre","creator":null,"developers":null,"translators":null,"contributors":null,"locales":["fr"]},{"name":"Wikipedia (tl)","description":"Wikipedia, ang malayang ensiklopedya","creator":null,"developers":null,"translators":null,"contributors":null,"locales":["tl"]},{"name":"维基百科","description":"维基百科，自由的百科全书","creator":null,"developers":null,"translators":null,"contributors":null,"locales":["zh-CN"]},{"name":"Wikipedia (lij)","description":"Wikipedia, l'enciclopedia libera","creator":null,"developers":null,"translators":null,"contributors":null,"locales":["lij"]},{"name":"វីគីភីឌា (km)","description":"វីគីភីឌា សព្វ​វចនា​ធិប្បាយ​សេរី","creator":null,"developers":null,"translators":null,"contributors":null,"locales":["km"]},{"name":"Уикипедия (bg)","description":"Уикипедия, свободната енциклоподия","creator":null,"developers":null,"translators":null,"contributors":null,"locales":["bg"]},{"name":"Wikipedia (id)","description":"Wikipedia, ensiklopedia bebas","creator":null,"developers":null,"translators":null,"contributors":null,"locales":["id"]},{"name":"Wikipedia (pa)","description":"ਵਿਕਿਪੀਡਿਆ, ਮੁਫ਼ਤ/ਮੁਕਤ ਸ਼ਬਦਕੋਸ਼","creator":null,"developers":null,"translators":null,"contributors":null,"locales":["pa"]},{"name":"উইকিপিডিয়া (bn)","description":"উইকিপিডিয়া, মুক্ত বিশ্বকোষ","creator":null,"developers":null,"translators":null,"contributors":null,"locales":["bn"]},{"name":"Wikipedia (eu)","description":"Wikipedia, entziklopedia askea","creator":null,"developers":null,"translators":null,"contributors":null,"locales":["eu"]},{"name":"Wikipedie (cs)","description":"Wikipedia, svobodná encyclopedie","creator":null,"developers":null,"translators":null,"contributors":null,"locales":["cz"]},{"name":"Wikipédia (hu)","description":"Wikipedia, a szabad enciklopédia","creator":null,"developers":null,"translators":null,"contributors":null,"locales":["hu"]},{"name":"Wikipedia (kn)","description":"Wikipedia, the free encyclopedia","creator":null,"developers":null,"translators":null,"contributors":null,"locales":["kn"]},{"name":"Wikipedia (is)","description":"Wikipedia, the free encyclopedia","creator":null,"developers":null,"translators":null,"contributors":null,"locales":["is"]},{"name":"Вікіпедія (uk)","description":"Вікіпедія, вільна енциклопедія","creator":null,"developers":null,"translators":null,"contributors":null,"locales":["uk"]},{"name":"Wikipedia (kab)","description":"Wikipedia, tasanayt tilellit","creator":null,"developers":null,"translators":null,"contributors":null,"locales":["kab"]},{"name":"Wikipedia (zh)","description":"維基百科，自由的百科全書","creator":null,"developers":null,"translators":null,"contributors":null,"locales":["zh-TW"]},{"name":"ویکیپیڈیا (ur)","description":"ویکیپیڈیا آزاد دائرۃ المعارف","creator":null,"developers":null,"translators":null,"contributors":null,"locales":["ur"]},{"name":"Vikipedio (eo)","description":"Vikipedio, la libera enciklopedio","creator":null,"developers":null,"translators":null,"contributors":null,"locales":["eo"]},{"name":"Wikipedia (si)","description":"Wikipedia, the free encyclopedia","creator":null,"developers":null,"translators":null,"contributors":null,"locales":["si"]},{"name":"ويكيبيديا (ar)","description":"ويكيبيديا (ar)","creator":null,"developers":null,"translators":null,"contributors":null,"locales":["ar"]},{"name":"Wikipedia (vi)","description":"Wikipedia, bách khoa toàn thư mở","creator":null,"developers":null,"translators":null,"contributors":null,"locales":["vi"]},{"name":"ვიკიპედია (ka)","description":"ვიკიპედია, თავისუფალი ენციკლოპედია","creator":null,"developers":null,"translators":null,"contributors":null,"locales":["ka"]},{"name":"Uicipeid (gd)","description":"Wikipedia, An leabhar mòr-eòlais","creator":null,"developers":null,"translators":null,"contributors":null,"locales":["gd"]},{"name":"Wikipedia (it)","description":"Wikipedia, l'enciclopedia libera","creator":null,"developers":null,"translators":null,"contributors":null,"locales":["it"]},{"name":"Vikipediya (uz)","description":"Vikipediya, ochiq ensiklopediya","creator":null,"developers":null,"translators":null,"contributors":null,"locales":["uz"]},{"name":"Wikipedia (lt)","description":"Vikipedija, laisvoji enciklopedija","creator":null,"developers":null,"translators":null,"contributors":null,"locales":["lt"]},{"name":"Wikipedia (sq)","description":"Wikipedia, enciklopedia e lirë","creator":null,"developers":null,"translators":null,"contributors":null,"locales":["sq"]},{"name":"Vicipéid (ga)","description":"Vicipéid, an Chiclipéid Shaor","creator":null,"developers":null,"translators":null,"contributors":null,"locales":["ga-IE"]},{"name":"विकिपीडिया (hi)","description":"विकिपीडिया (हिन्दी)","creator":null,"developers":null,"translators":null,"contributors":null,"locales":["hi"]},{"name":"Vikipedeja (ltg)","description":"Vikipēdija, breivuo eņciklopedeja","creator":null,"developers":null,"translators":null,"contributors":null,"locales":["ltg"]},{"name":"விக்கிப்பீடியா (ta)","description":"விக்கிப்பீடியா (ta)","creator":null,"developers":null,"translators":null,"contributors":null,"locales":["ta"]},{"name":"Vikipediya (az)","description":"Vikipediya, açıq ensiklopediya","creator":null,"developers":null,"translators":null,"contributors":null,"locales":["az"]},{"name":"Википедија (mk)","description":"Википедија, слободната енциклопедија","creator":null,"developers":null,"translators":null,"contributors":null,"locales":["mk"]},{"name":"วิกิพีเดีย","description":"วิกิพีเดีย สารานุกรมเสรี","creator":null,"developers":null,"translators":null,"contributors":null,"locales":["th"]},{"name":"Wikipedia (de)","description":"Wikipedia, die freie Enzyklopädie","creator":null,"developers":null,"translators":null,"contributors":null,"locales":["de"]},{"name":"Wikipedija (dsb)","description":"Wikipedija, lichotna encyklopedija","creator":null,"developers":null,"translators":null,"contributors":null,"locales":["dsb"]},{"name":"विकिपीडिया (mr)","description":"विकिपीडिया, मोफत माहितीकोष","creator":null,"developers":null,"translators":null,"contributors":null,"locales":["mr"]},{"name":"Wikipedia (ast)","description":"La enciclopedia llibre","creator":null,"developers":null,"translators":null,"contributors":null,"locales":["ast"]},{"name":"Wikipedia (my)","description":"အခမဲ့လွတ်လပ်စွယ်စုံကျမ်း","creator":null,"developers":null,"translators":null,"contributors":null,"locales":["my"]},{"name":"Wikipedia (rm)","description":"Vichipedia, l'enciclopedia libra","creator":null,"developers":null,"translators":null,"contributors":null,"locales":["rm"]},{"name":"Wikipedia (nn)","description":"Wikipedia, det frie oppslagsverket","creator":null,"developers":null,"translators":null,"contributors":null,"locales":["NN"]},{"name":"Wikipedia (wo)","description":"Wikipedia, Jimbulang bu Ubbeeku bi","creator":null,"developers":null,"translators":null,"contributors":null,"locales":["wo"]},{"name":"Wikipedia (gl)","description":"Wikipedia, a enciclopedia libre","creator":null,"developers":null,"translators":null,"contributors":null,"locales":["gl"]},{"name":"Viquipèdia (ca)","description":"L'enciclopèdia lliure","creator":null,"developers":null,"translators":null,"contributors":null,"locales":["ca"]},{"name":"Wikipédia (sk)","description":"Wikipédia, slobodná a otvorená encyklopédia","creator":null,"developers":null,"translators":null,"contributors":null,"locales":["sk"]},{"name":"Википедија (sr)","description":"Претрага Википедије на српском језику","creator":null,"developers":null,"translators":null,"contributors":null,"locales":["sr"]},{"name":"Wikipedia (af)","description":"Wikipedia, die vrye ensiklopedie","creator":null,"developers":null,"translators":null,"contributors":null,"locales":["af"]},{"name":"ویکی‌پدیا (fa)","description":"ویکی‌پدیا، دانشنامهٔ آزاد","creator":null,"developers":null,"translators":null,"contributors":null,"locales":["fa"]},{"name":"Wikipedia (ms)","description":"Wikipedia, ensiklopedia bebas","creator":null,"developers":null,"translators":null,"contributors":null,"locales":["ms"]},{"name":"Wikipedia (ia)","description":"Wikipedia, le encyclopedia libere","creator":null,"developers":null,"translators":null,"contributors":null,"locales":["ia"]},{"name":"Wikipedia (no)","description":"Wikipedia, den frie encyklopedi","creator":null,"developers":null,"translators":null,"contributors":null,"locales":["NO"]},{"name":"Википедия (ru)","description":"Википедия, свободная энциклопедия","creator":null,"developers":null,"translators":null,"contributors":null,"locales":["ru"]},{"name":"Wikipedia (br)","description":"Wikipedia, an holloueziadur digor","creator":null,"developers":null,"translators":null,"contributors":null,"locales":["br"]},{"name":"Wikipedia (pl)","description":"Wikipedia, wolna encyklopedia","creator":null,"developers":null,"translators":null,"contributors":null,"locales":["pl"]},{"name":"Вікіпэдыя (be-tarask)","description":"Вікіпэдыя, вольная энцыкляпэдыя","creator":null,"developers":null,"translators":null,"contributors":null,"locales":["be-tarask"]},{"name":"Wikipedia (sv)","description":"Wikipedia, den fria encyklopedin","creator":null,"developers":null,"translators":null,"contributors":null,"locales":["sv-SE"]},{"name":"ວິກິພີເດຍ (lo)","description":"ວິກິພີເດຍ, ສາລານຸກົມເສລີ","creator":null,"developers":null,"translators":null,"contributors":null,"locales":["lo"]},{"name":"Wikipedija (sl)","description":"Wikipedija, prosta enciklopedija","creator":null,"developers":null,"translators":null,"contributors":null,"locales":["sl"]},{"name":"Vikipēdija","description":"Vikipēdija, brīvā enciklopēdija","creator":null,"developers":null,"translators":null,"contributors":null,"locales":["lv"]},{"name":"Biquipedia (an)","description":"A enciclopedia Libre","creator":null,"developers":null,"translators":null,"contributors":null,"locales":["an"]}],"targetApplications":[{"id":"toolkit@mozilla.org","minVersion":null,"maxVersion":null}],"targetPlatforms":[],"signedDate":null,"seen":true,"dependencies":[],"incognito":"spanning","userPermissions":{"permissions":[],"origins":[]},"optionalPermissions":{"permissions":[],"origins":[]},"icons":{"16":"favicon.ico"},"iconURL":null,"blocklistState":0,"blocklistURL":null,"startupData":null,"hidden":true,"installTelemetryInfo":null,"recommendationState":null,"rootURI":"resource://search-extensions/wikipedia/","location":"app-builtin"},{"id":"bing@search.mozilla.org","syncGUID":"{84124619-0318-4811-9f1a-2acd56f29bc9}","version":"1.6","type":"extension","loader":null,"updateURL":null,"installOrigins":null,"manifestVersion":2,"optionsURL":null,"optionsType":null,"optionsBrowserStyle":true,"aboutURL":null,"defaultLocale":{"name":"Bing","description":"Microsoft Bing","creator":null,"developers":null,"translators":null,"contributors":null},"visible":true,"active":true,"userDisabled":false,"appDisabled":false,"embedderDisabled":false,"installDate":1698586349415,"applyBackgroundUpdates":1,"path":null,"skinnable":false,"sourceURI":null,"releaseNotesURI":null,"softDisabled":false,"foreignInstall":false,"strictCompatibility":true,"locales":[],"targetApplications":[{"id":"toolkit@mozilla.org","minVersion":null,"maxVersion":null}],"targetPlatforms":[],"signedDate":null,"seen":true,"dependencies":[],"incognito":"spanning","userPermissions":{"permissions":[],"origins":[]},"optionalPermissions":{"permissions":[],"origins":[]},"icons":{"16":"favicon.ico"},"iconURL":null,"blocklistState":0,"blocklistURL":null,"startupData":null,"hidden":true,"installTelemetryInfo":null,"recommendationState":null,"rootURI":"resource://search-extensions/bing/","location":"app-builtin"},{"id":"ddg@search.mozilla.org","syncGUID":"{46b5e80f-6182-49d9-bfae-a0ca28f281d5}","version":"1.4","type":"extension","loader":null,"updateURL":null,"installOrigins":null,"manifestVersion":2,"optionsURL":null,"optionsType":null,"optionsBrowserStyle":true,"aboutURL":null,"defaultLocale":{"name":"DuckDuckGo","description":"Search DuckDuckGo","creator":null,"developers":null,"translators":null,"contributors":null},"visible":true,"active":true,"userDisabled":false,"appDisabled":false,"embedderDisabled":false,"installDate":1698586349438,"applyBackgroundUpdates":1,"path":null,"skinnable":false,"sourceURI":null,"releaseNotesURI":null,"softDisabled":false,"foreignInstall":false,"strictCompatibility":true,"locales":[],"targetApplications":[{"id":"toolkit@mozilla.org","minVersion":null,"maxVersion":null}],"targetPlatforms":[],"signedDate":null,"seen":true,"dependencies":[],"incognito":"spanning","userPermissions":{"permissions":[],"origins":[]},"optionalPermissions":{"permissions":[],"origins":[]},"icons":{"16":"favicon.ico"},"iconURL":null,"blocklistState":0,"blocklistURL":null,"startupData":null,"hidden":true,"installTelemetryInfo":null,"recommendationState":null,"rootURI":"resource://search-extensions/ddg/","location":"app-builtin"},{"id":"firefox-compact-light@mozilla.org","syncGUID":"{78f92c1e-7fed-453e-8a45-ed8059bec71a}","version":"1.2","type":"theme","loader":null,"updateURL":null,"installOrigins":null,"manifestVersion":2,"optionsURL":null,"optionsType":null,"optionsBrowserStyle":true,"aboutURL":null,"defaultLocale":{"name":"Light","description":"A theme with a light color scheme.","creator":"Mozilla","developers":null,"translators":null,"contributors":null},"visible":true,"active":false,"userDisabled":true,"appDisabled":false,"embedderDisabled":false,"installDate":1698586349632,"applyBackgroundUpdates":1,"path":null,"skinnable":false,"sourceURI":null,"releaseNotesURI":null,"softDisabled":false,"foreignInstall":false,"strictCompatibility":true,"locales":[],"targetApplications":[{"id":"toolkit@mozilla.org","minVersion":null,"maxVersion":null}],"targetPlatforms":[],"signedDate":null,"seen":true,"dependencies":[],"userPermissions":null,"optionalPermissions":null,"icons":{"32":"icon.svg"},"iconURL":null,"blocklistState":0,"blocklistURL":null,"startupData":null,"hidden":false,"installTelemetryInfo":null,"recommendationState":null,"rootURI":"resource://builtin-themes/light/","location":"app-builtin"},{"id":"firefox-alpenglow@mozilla.org","syncGUID":"{62072ee7-7707-48e3-be80-468484dcbed8}","version":"1.4","type":"theme","loader":null,"updateURL":null,"installOrigins":null,"manifestVersion":2,"optionsURL":null,"optionsType":null,"optionsBrowserStyle":true,"aboutURL":null,"defaultLocale":{"name":"Firefox Alpenglow","description":"Use a colorful appearance for buttons, menus, and windows.","creator":null,"developers":null,"translators":null,"contributors":null},"visible":true,"active":false,"userDisabled":true,"appDisabled":false,"embedderDisabled":false,"installDate":1698586349634,"applyBackgroundUpdates":1,"path":null,"skinnable":false,"sourceURI":null,"releaseNotesURI":null,"softDisabled":false,"foreignInstall":false,"strictCompatibility":true,"locales":[],"targetApplications":[{"id":"toolkit@mozilla.org","minVersion":null,"maxVersion":null}],"targetPlatforms":[],"signedDate":null,"seen":true,"dependencies":[],"userPermissions":null,"optionalPermissions":null,"icons":{"32":"icon.svg"},"iconURL":null,"blocklistState":0,"blocklistURL":null,"startupData":null,"hidden":false,"installTelemetryInfo":null,"recommendationState":null,"rootURI":"resource://builtin-themes/alpenglow/","location":"app-builtin"},{"id":"firefox-compact-dark@mozilla.org","syncGUID":"{7c4b9225-51cf-42af-98c9-dcbbd6103d63}","version":"1.2","type":"theme","loader":null,"updateURL":null,"installOrigins":null,"manifestVersion":2,"optionsURL":null,"optionsType":null,"optionsBrowserStyle":true,"aboutURL":null,"defaultLocale":{"name":"Dark","description":"A theme with a dark color scheme.","creator":"Mozilla","developers":null,"translators":null,"contributors":null},"visible":true,"active":false,"userDisabled":true,"appDisabled":false,"embedderDisabled":false,"installDate":1698586349635,"applyBackgroundUpdates":1,"path":null,"skinnable":false,"sourceURI":null,"releaseNotesURI":null,"softDisabled":false,"foreignInstall":false,"strictCompatibility":true,"locales":[],"targetApplications":[{"id":"toolkit@mozilla.org","minVersion":null,"maxVersion":null}],"targetPlatforms":[],"signedDate":null,"seen":true,"dependencies":[],"userPermissions":null,"optionalPermissions":null,"icons":{"32":"icon.svg"},"iconURL":null,"blocklistState":0,"blocklistURL":null,"startupData":null,"hidden":false,"installTelemetryInfo":null,"recommendationState":null,"rootURI":"resource://builtin-themes/dark/","location":"app-builtin"},{"id":"uBlock0@raymondhill.net","syncGUID":"{975e730e-a881-4501-b32a-167bfe054471}","version":"1.52.2","type":"extension","loader":null,"updateURL":null,"installOrigins":null,"manifestVersion":2,"optionsURL":"dashboard.html","optionsType":3,"optionsBrowserStyle":false,"aboutURL":null,"defaultLocale":{"name":"uBlock Origin","description":"Finally, an efficient blocker. Easy on CPU and memory.","creator":"Raymond Hill & contributors","developers":null,"translators":null,"contributors":null},"visible":true,"active":true,"userDisabled":false,"appDisabled":false,"embedderDisabled":false,"installDate":1698594313826,"updateDate":1698594313826,"applyBackgroundUpdates":1,"path":"C:\\Users\\NhuTam\\AppData\\Roaming\\Mozilla\\Firefox\\Profiles\\rx43bi7b.default-release\\extensions\\uBlock0@raymondhill.net.xpi","skinnable":false,"sourceURI":"https://addons.mozilla.org/firefox/downloads/file/4171020/ublock_origin-1.52.2.xpi","releaseNotesURI":null,"softDisabled":false,"foreignInstall":false,"strictCompatibility":true,"locales":[{"name":"uBlock Origin","description":"Finally, an efficient blocker. Easy on CPU and memory.","creator":"Raymond Hill & contributors","developers":null,"translators":null,"contributors":null,"locales":["en"]},{"name":"uBlock Origin","description":"高効率ブロッカーついに登場。CPU とメモリーに負担をかけません。","creator":"Raymond Hill & contributors","developers":null,"translators":null,"contributors":null,"locales":["ja"]},{"name":"uBlock Origin","description":"Lõpuks on valminud tõhus blokeerija. Protsessori- ja mälusõbralik.","creator":"Raymond Hill & contributors","developers":null,"translators":null,"contributors":null,"locales":["et"]},{"name":"uBlock Origin","description":"Enfin un blocador eficaç. Sollicita pauc lo CPU e la memòria","creator":"Raymond Hill & contributors","developers":null,"translators":null,"contributors":null,"locales":["oc"]},{"name":"uBlock Origin","description":"Finalmente, um bloqueador eficiente. Leve na CPU e memória.","creator":"Raymond Hill & contributors","developers":null,"translators":null,"contributors":null,"locales":["pt-PT"]},{"name":"uBlock Origin","description":"Un bloqueur de nuisances efficace, qui ménagera votre processeur et votre mémoire vive.","creator":"Raymond Hill & contributors","developers":null,"translators":null,"contributors":null,"locales":["fr"]},{"name":"uBlock Origin","description":"Einlik, in effisjinte adblocker. Brûkt hast gjin prosessorkrêft of ûnthâld.","creator":"Raymond Hill & contributors","developers":null,"translators":null,"contributors":null,"locales":["fy"]},{"name":"uBlock Origin","description":"Akhirnya, pemblokir iklan yang efisien. Ringan penggunaan CPU dan memori.","creator":"Raymond Hill & contributors","developers":null,"translators":null,"contributors":null,"locales":["id"]},{"name":"uBlock Origin","description":"অবশেষে, একটি সাশ্রয়ী বিজ্ঞাপন রোধক। সিপিইউ এবং মেমরিতে নমনীয়।","creator":"Raymond Hill & contributors","developers":null,"translators":null,"contributors":null,"locales":["bn"]},{"name":"uBlock Origin","description":"Behingoz, blokeatzaile eraginkor bat. PUZ eta memorian arina.","creator":"Raymond Hill & contributors","developers":null,"translators":null,"contributors":null,"locales":["eu"]},{"name":"uBlock Origin","description":"Ugu dambeyntii, xannibaado hufan. Ku fudud oo ku saabsan CPU iyo xusuusta.","creator":"Raymond Hill & contributors","developers":null,"translators":null,"contributors":null,"locales":["so"]},{"name":"uBlock Origin","description":"Äntligen en effektiv blockerare. Snäll mot både processor och minne.","creator":"Raymond Hill & contributors","developers":null,"translators":null,"contributors":null,"locales":["sv"]},{"name":"uBlock Origin","description":"Konečně efektivní blokovač. Nezatěžuje CPU a paměť.","creator":"Raymond Hill & contributors","developers":null,"translators":null,"contributors":null,"locales":["cs"]},{"name":"uBlock Origin","description":"Végre egy hatékony reklám- és követésblokkoló böngészőkhöz, amely kíméletes a processzorral és a memóriával.","creator":"Raymond Hill & contributors","developers":null,"translators":null,"contributors":null,"locales":["hu"]},{"name":"uBlock Origin","description":"ಕೊನೆಗೂ, ಒಂದು ದಕ್ಷ ನಿರ್ಬಂಧಕ. ಮಿತವಾದ ಸಿಪಿಯೂ ಹಾಗು ಮೆಮೊರಿ ಬಳಕೆ.","creator":"Raymond Hill & contributors","developers":null,"translators":null,"contributors":null,"locales":["kn"]},{"name":"uBlock Origin","description":"آخر کار، ایک مؤثر اشتہار کو روکنے والا، یہ کم cpu اور میموری لیتا ہے.","creator":"Raymond Hill & contributors","developers":null,"translators":null,"contributors":null,"locales":["ur"]},{"name":"uBlock Origin","description":"Ефективний блокувальник реклами таки з’явився. Не навантажує процесор та пам'ять.","creator":"Raymond Hill & contributors","developers":null,"translators":null,"contributors":null,"locales":["uk"]},{"name":"uBlock Origin","description":"Finfine rendimenta reklamoblokilo. Afabla por ĉefprocesoro kaj memoro.","creator":"Raymond Hill & contributors","developers":null,"translators":null,"contributors":null,"locales":["eo"]},{"name":"uBlock Origin","description":"අවසානයේදී, මධ්‍ය සැකසුම් ඒකකය සහ මතකය අඩුවෙන් භාවිතා කරන කාර්යක්‍ෂම අවහිරකයක් ඇත.","creator":"Raymond Hill & contributors","developers":null,"translators":null,"contributors":null,"locales":["si"]},{"name":"uBlock Origin","description":"Cuối cùng, đã có một công cụ chặn quảng cáo hiệu quả, tiêu tốn ít CPU và bộ nhớ.","creator":"Raymond Hill & contributors","developers":null,"translators":null,"contributors":null,"locales":["vi"]},{"name":"uBlock Origin","description":"Hatimaye, kizuizi kinachofaa. Nyepesi kwenye CPU na kumbukumbu.","creator":"Raymond Hill & contributors","developers":null,"translators":null,"contributors":null,"locales":["sw"]},{"name":"uBlock Origin","description":"Най-накрая, ефективен блокер. Щадящ процесора и паметта.","creator":"Raymond Hill & contributors","developers":null,"translators":null,"contributors":null,"locales":["bg"]},{"name":"uBlock Origin","description":"وأخيراً, مانع اعلانات كفوء. خفيف على المعالج و الذاكرة.","creator":"Raymond Hill & contributors","developers":null,"translators":null,"contributors":null,"locales":["ar"]},{"name":"uBlock Origin","description":"როგორც იქნა, მძლავრი და შედეგიანი რეკლამების შემზღუდავი. ზოგავს CPU-ს და მეხსიერებას.","creator":"Raymond Hill & contributors","developers":null,"translators":null,"contributors":null,"locales":["ka"]},{"name":"uBlock Origin","description":"మొత్తానికి RAM ఇంకా CPU పై తేలికయిన, ఒక సమర్థవంతమైన నిరోధిని.","creator":"Raymond Hill & contributors","developers":null,"translators":null,"contributors":null,"locales":["te"]},{"name":"uBlock Origin","description":"Finalmente, un blocker efficiente. Leggero sulla CPU e sulla memoria.","creator":"Raymond Hill & contributors","developers":null,"translators":null,"contributors":null,"locales":["it"]},{"name":"uBlock Origin","description":"이 부가 기능은 효율적인 차단기입니다. CPU와 메모리에 주는 부담이 적습니다.","creator":"Raymond Hill & contributors","developers":null,"translators":null,"contributors":null,"locales":["ko"]},{"name":"uBlock Origin","description":"Endelig en effektiv blokkeringsutvidelse. Lavt CPU- og minnebruk.","creator":"Raymond Hill & contributors","developers":null,"translators":null,"contributors":null,"locales":["no"]},{"name":"uBlock Origin","description":"Pagaliau, efektyvus blokatorius, neapkraunantis nei procesoriaus, nei darbinės atminties.","creator":"Raymond Hill & contributors","developers":null,"translators":null,"contributors":null,"locales":["lt"]},{"name":"uBlock Origin","description":"आख़िरकार, क्रोमियम-बेस्ड ब्राउज़रों के लिए एक कुशल अवरोधक। CPU और स्मृति पर आसान।","creator":"Raymond Hill & contributors","developers":null,"translators":null,"contributors":null,"locales":["hi"]},{"name":"uBlock Origin","description":"இறுதியாக, ஒரு திறமையான விளம்பரத் தடுப்பான். கணினியின் மையச் செயற்பகுதியின் மேலும் நினைவகத்தின் மேலும் இலகுவானது.","creator":"Raymond Hill & contributors","developers":null,"translators":null,"contributors":null,"locales":["ta"]},{"name":"uBlock Origin","description":"Axır ki, prosessor və yaddaş yükünü azaldan səmərəli bir əngəlləyici var.","creator":"Raymond Hill & contributors","developers":null,"translators":null,"contributors":null,"locales":["az"]},{"name":"uBlock Origin","description":"Конечно, ефикасен блокер. Лесен на CPU и меморија.","creator":"Raymond Hill & contributors","developers":null,"translators":null,"contributors":null,"locales":["mk"]},{"name":"uBlock Origin","description":"Finally, an efficient blocker. Easy on CPU and memory.","creator":"Raymond Hill & contributors","developers":null,"translators":null,"contributors":null,"locales":["en-GB"]},{"name":"uBlock Origin","description":"Endlich ein effizienter Blocker, der wenig Prozessorleistung und Arbeitsspeicher verbraucht.","creator":"Raymond Hill & contributors","developers":null,"translators":null,"contributors":null,"locales":["de"]},{"name":"uBlock Origin","description":"มาแล้ว! โปรแกรมบล็อกโฆษณาเบาเบา ไม่กิน ซีพียู หรือ แรม","creator":"Raymond Hill & contributors","developers":null,"translators":null,"contributors":null,"locales":["th"]},{"name":"uBlock Origin","description":"शेवटी, एक कार्यक्षम ब्लॉकर क्रोमियम आधारित ब्राउझरांसाठी. सीपीयू आणि मेमरी वर सोपे जातो.","creator":"Raymond Hill & contributors","developers":null,"translators":null,"contributors":null,"locales":["mr"]},{"name":"uBlock Origin","description":"Konečne efektívny blokovač. Nezaťažuje CPU ani pamäť.","creator":"Raymond Hill & contributors","developers":null,"translators":null,"contributors":null,"locales":["sk"]},{"name":"uBlock Origin","description":"Коначно, ефикасан блокатор. Ниски процесорски и меморијски захтеви.","creator":"Raymond Hill & contributors","developers":null,"translators":null,"contributors":null,"locales":["sr"]},{"name":"uBlock Origin","description":"Ó fin, un bloqueador eficiente que non chupa toda a memoria e o procesador.","creator":"Raymond Hill & contributors","developers":null,"translators":null,"contributors":null,"locales":["gl"]},{"name":"uBlock Origin","description":"Finalment, un blocador eficient que utilitza pocs recursos de memòria i processador.","creator":"Raymond Hill & contributors","developers":null,"translators":null,"contributors":null,"locales":["ca"]},{"name":"uBlock Origin","description":"അവസാനം, ഒരു കാര്യക്ഷമമായ ബ്ലോക്കര്‍. ലഘുവായ CPU, memory ഉപയോഗം.","creator":"Raymond Hill & contributors","developers":null,"translators":null,"contributors":null,"locales":["ml"]},{"name":"uBlock Origin","description":"Тинех Интернет тишкерӳҫӗ валли хӑвӑрт та витӗмлӗ чаркӑч пур.","creator":"Raymond Hill & contributors","developers":null,"translators":null,"contributors":null,"locales":["cv"]},{"name":"uBlock Origin","description":"Endelig en effektiv blokkeringsutvidelse. Lavt CPU- og minnebruk.","creator":"Raymond Hill & contributors","developers":null,"translators":null,"contributors":null,"locales":["nb"]},{"name":"uBlock Origin","description":"بالاخره، یک بلاکر کارآمد. کم حجم بر روی پردازنده و حافظه.","creator":"Raymond Hill & contributors","developers":null,"translators":null,"contributors":null,"locales":["fa"]},{"name":"uBlock Origin","description":"Akhirnya, penyekat yang cekap. Tidak membebankan CPU dan memori.","creator":"Raymond Hill & contributors","developers":null,"translators":null,"contributors":null,"locales":["ms"]},{"name":"uBlock Origin","description":"Më në fund, një bllokues efikas që nuk e rëndon procesorin dhe memorien.","creator":"Raymond Hill & contributors","developers":null,"translators":null,"contributors":null,"locales":["sq"]},{"name":"uBlock Origin","description":"一款高效的网络请求过滤工具，占用极低的内存和 CPU。","creator":"Raymond Hill & contributors","developers":null,"translators":null,"contributors":null,"locales":["zh-CN"]},{"name":"uBlock Origin","description":"Nareszcie skuteczny bloker charakteryzujący się niskim użyciem procesora i pamięci.","creator":"Raymond Hill & contributors","developers":null,"translators":null,"contributors":null,"locales":["pl"]},{"name":"uBlock Origin","description":"Наконец-то, быстрый и эффективный блокировщик для браузеров.","creator":"Raymond Hill & contributors","developers":null,"translators":null,"contributors":null,"locales":["ru"]},{"name":"uBlock Origin","description":"Končno, učinkovita, procesorju in pomnilniku prijazna razširitev za blokiranje oglasov.","creator":"Raymond Hill & contributors","developers":null,"translators":null,"contributors":null,"locales":["sl"]},{"name":"uBlock Origin","description":"Beidzot, efektīvs bloķētājs. Nepārslogo procesoru un atmiņu.","creator":"Raymond Hill & contributors","developers":null,"translators":null,"contributors":null,"locales":["lv"]},{"name":"uBlock Origin","description":"Mainam na pangharang sa content. Magaan sa CPU at memorya.","creator":"Raymond Hill & contributors","developers":null,"translators":null,"contributors":null,"locales":["fil"]},{"name":"uBlock Origin","description":"Konačno, efikasan blokator. Lak na CPU i memoriji.","creator":"Raymond Hill & contributors","developers":null,"translators":null,"contributors":null,"locales":["hr"]},{"name":"uBlock Origin","description":"Վերջապե՛ս, արդյունավետ արգելափակիչ։ Խնայում է մշակիչը և հիշողությունը։","creator":"Raymond Hill & contributors","developers":null,"translators":null,"contributors":null,"locales":["hy"]},{"name":"uBlock Origin","description":"Жарнамаларды жақсы өшіретін Addon'дардың бірі. Компьютердің қуатың аз алады.","creator":"Raymond Hill & contributors","developers":null,"translators":null,"contributors":null,"locales":["kk"]},{"name":"uBlock Origin","description":"În sfârșit, un blocant eficient. Are un impact mic asupra procesorului și memoriei.","creator":"Raymond Hill & contributors","developers":null,"translators":null,"contributors":null,"locales":["ro"]},{"name":"uBlock Origin","description":"Konačno, efikasan bloker. Štedljiv na procesoru i memoriji.","creator":"Raymond Hill & contributors","developers":null,"translators":null,"contributors":null,"locales":["bs"]},{"name":"uBlock Origin","description":"અંતે, એક કાર્યક્ષમ અવરોધક. સીપીયુ અને મેમરી પર સરળ.","creator":"Raymond Hill & contributors","developers":null,"translators":null,"contributors":null,"locales":["gu"]},{"name":"uBlock Origin","description":"Επιτέλους, ένας αποτελεσματικός blocker. Ελαφρύς για τον επεξεργαστή και τη μνήμη.","creator":"Raymond Hill & contributors","developers":null,"translators":null,"contributors":null,"locales":["el"]},{"name":"uBlock Origin","description":"Por fin, un bloqueador eficiente con uso mínimo de procesador y memoria.","creator":"Raymond Hill & contributors","developers":null,"translators":null,"contributors":null,"locales":["es"]},{"name":"uBlock Origin","description":"Viimeinkin tehokas estotyökalu, joka ei kuormita prosessoria ja muistia.","creator":"Raymond Hill & contributors","developers":null,"translators":null,"contributors":null,"locales":["fi"]},{"name":"uBlock Origin","description":"Нарэшце, эфектыўны блакавальнік. Не нагружае працэсар і памяць.","creator":"Raymond Hill & contributors","developers":null,"translators":null,"contributors":null,"locales":["be"]},{"name":"uBlock Origin","description":"Sonunda, etkili bir engelleyici. İşlemciyi ve belleği yormaz.","creator":"Raymond Hill & contributors","developers":null,"translators":null,"contributors":null,"locales":["tr"]},{"name":"uBlock Origin","description":"Finalmente, um bloqueador eficiente. Com baixo uso de memória e CPU.","creator":"Raymond Hill & contributors","developers":null,"translators":null,"contributors":null,"locales":["pt-BR"]},{"name":"uBlock Origin","description":"Eindelijk, een efficiënte adblocker. Gebruikt weinig processorkracht en geheugen.","creator":"Raymond Hill & contributors","developers":null,"translators":null,"contributors":null,"locales":["nl"]},{"name":"uBlock Origin","description":"終於有套使用不多的 CPU 及記憶體資源的高效率阻擋器。","creator":"Raymond Hill & contributors","developers":null,"translators":null,"contributors":null,"locales":["zh-TW"]},{"name":"uBlock Origin","description":"Endelig en effektiv blocker. Lavt CPU- og hukommelsesforbrug.","creator":"Raymond Hill & contributors","developers":null,"translators":null,"contributors":null,"locales":["da"]},{"name":"uBlock Origin","description":"סוף סוף, חוסם יעיל. קל על המעבד והזיכרון.","creator":"Raymond Hill & contributors","developers":null,"translators":null,"contributors":null,"locales":["he"]}],"targetApplications":[{"id":"toolkit@mozilla.org","minVersion":"79.0","maxVersion":null}],"targetPlatforms":[],"signedState":2,"signedDate":1695656833000,"seen":true,"dependencies":[],"incognito":"spanning","userPermissions":{"permissions":["dns","menus","privacy","storage","tabs","unlimitedStorage","webNavigation","webRequest","webRequestBlocking"],"origins":["<all_urls>","http://*/*","https://*/*","file://*/*","https://easylist.to/*","https://*.fanboy.co.nz/*","https://filterlists.com/*","https://forums.lanik.us/*","https://github.com/*","https://*.github.io/*","https://*.letsblock.it/*"]},"optionalPermissions":{"permissions":[],"origins":[]},"icons":{"16":"img/ublock.svg","32":"img/ublock.svg","48":"img/ublock.svg","64":"img/ublock.svg","96":"img/ublock.svg"},"iconURL":null,"blocklistState":0,"blocklistURL":null,"startupData":null,"hidden":false,"installTelemetryInfo":{"source":"amo","sourceURL":"https://addons.mozilla.org/en-US/firefox/addon/ublock-origin/?utm_source=addons.mozilla.org&utm_medium=referral&utm_content=tag-shelf-privacy","method":"amWebAPI"},"recommendationState":{"validNotAfter":1853444832000,"validNotBefore":1695656832000,"states":["recommended-android","recommended"]},"rootURI":"jar:file:///C:/Users/NhuTam/AppData/Roaming/Mozilla/Firefox/Profiles/rx43bi7b.default-release/extensions/uBlock0@raymondhill.net.xpi!/","location":"app-profile"}]}