{"nextId":2,"logins":[{"id":1,"hostname":"https://code.zabirds.com","httpRealm":null,"formSubmitURL":"https://code.zabirds.com","usernameField":"username","passwordField":"password","encryptedUsername":"MDIEEPgAAAAAAAAAAAAAAAAAAAEwFAYIKoZIhvcNAwcECB3Rs+mSLJGyBAiA0XWEhUKoGQ==","encryptedPassword":"MDoEEPgAAAAAAAAAAAAAAAAAAAEwFAYIKoZIhvcNAwcECPxIuI0QB4m1BBBpRq0HS71CR7FL6d9ss9cj","guid":"{d43f5213-c9e3-403b-8e05-8c9ec8f6b728}","encType":1,"timeCreated":1698593971184,"timeLastUsed":1698593971184,"timePasswordChanged":1698593971184,"timesUsed":1,"syncCounter":1,"everSynced":false,"encryptedUnknownFields":"MDIEEPgAAAAAAAAAAAAAAAAAAAEwFAYIKoZIhvcNAwcECMwNWfzvu5NlBAjV+v9gw9lrLw=="}],"potentiallyVulnerablePasswords":[],"dismissedBreachAlertsByLoginGUID":{},"version":3}