{"nextId":2,"logins":[{"id":1,"hostname":"https://code.zabirds.com","httpRealm":null,"formSubmitURL":"https://code.zabirds.com","usernameField":"username","passwordField":"password","encryptedUsername":"MDIEEPgAAAAAAAAAAAAAAAAAAAEwFAYIKoZIhvcNAwcECI0hSxiWnIQSBAjysMrLuZe1kQ==","encryptedPassword":"MDoEEPgAAAAAAAAAAAAAAAAAAAEwFAYIKoZIhvcNAwcECIuhhxibV0G7BBD3LLnnXfADF33DmUsekt+n","guid":"{d43f5213-c9e3-403b-8e05-8c9ec8f6b728}","encType":1,"timeCreated":1698593971184,"timeLastUsed":1698593982416,"timePasswordChanged":1698593971184,"timesUsed":2,"syncCounter":1,"everSynced":false,"encryptedUnknownFields":null}],"potentiallyVulnerablePasswords":[],"dismissedBreachAlertsByLoginGUID":{},"version":3}