{"environment":{"locale":"en-US","localeLanguageCode":"en","browserSettings":{"update":{"channel":"release","enabled":true,"autoDownload":true,"background":true}},"attributionData":{},"currentDate":"2023-10-29T15:38:57.052Z","profileAgeCreated":1698586344442,"usesFirefoxSync":false,"isFxAEnabled":true,"isFxASignedIn":false,"sync":{"desktopDevices":0,"mobileDevices":0,"totalDevices":0},"xpinstallEnabled":true,"addonsInfo":{"addons":{"formautofill@mozilla.org":{"version":"1.0.1","type":"extension","isSystem":true,"isWebExtension":true,"name":"Form Autofill","userDisabled":false,"installDate":"2023-09-27T01:21:52.429Z"},"pictureinpicture@mozilla.org":{"version":"1.0.0","type":"extension","isSystem":true,"isWebExtension":true,"name":"Picture-In-Picture","userDisabled":false,"installDate":"2023-10-25T00:55:02.790Z"},"screenshots@mozilla.org":{"version":"39.0.1","type":"extension","isSystem":true,"isWebExtension":true,"name":"Firefox Screenshots","userDisabled":false,"installDate":"2023-10-25T00:55:02.785Z"},"webcompat@mozilla.org":{"version":"119.0.0","type":"extension","isSystem":true,"isWebExtension":true,"name":"Web Compatibility Interventions","userDisabled":false,"installDate":"2023-10-25T00:55:02.775Z"},"addons-search-detection@mozilla.com":{"version":"2.0.0","type":"extension","isSystem":false,"isWebExtension":true,"name":"Add-ons Search Detection","userDisabled":false,"installDate":"2023-10-29T13:32:28.923Z"},"google@search.mozilla.org":{"version":"1.4","type":"extension","isSystem":false,"isWebExtension":true,"name":"Google","userDisabled":false,"installDate":"2023-10-29T13:32:29.235Z"},"amazondotcom@search.mozilla.org":{"version":"1.6","type":"extension","isSystem":false,"isWebExtension":true,"name":"Amazon.com","userDisabled":false,"installDate":"2023-10-29T13:32:29.304Z"},"wikipedia@search.mozilla.org":{"version":"1.3","type":"extension","isSystem":false,"isWebExtension":true,"name":"Wikipedia (en)","userDisabled":false,"installDate":"2023-10-29T13:32:29.384Z"},"bing@search.mozilla.org":{"version":"1.6","type":"extension","isSystem":false,"isWebExtension":true,"name":"Bing","userDisabled":false,"installDate":"2023-10-29T13:32:29.415Z"},"ddg@search.mozilla.org":{"version":"1.4","type":"extension","isSystem":false,"isWebExtension":true,"name":"DuckDuckGo","userDisabled":false,"installDate":"2023-10-29T13:32:29.438Z"}},"isFullData":true},"searchEngines":{"current":"google-b-d","installed":["google-b-d","amazondotcom","bing","ddg","wikipedia"]},"isDefaultBrowser":true,"devToolsOpenedCount":0,"topFrecentSites":[{"url":"https://www.experts-exchange.com/questions/25083873/how-to-copy-ntuser-dat-file.html","host":"www.experts-exchange.com","frecency":100,"lastVisitDate":1698586423834},{"url":"https://google.com","host":"google.com","frecency":100,"lastVisitDate":1698586422668},{"url":"https://www.mozilla.org/en-US/privacy/firefox/","host":"www.mozilla.org","frecency":100,"lastVisitDate":1698586349134}],"recentBookmarks":[],"pinnedSites":[],"providerCohorts":{"onboarding":"","cfr":"","message-groups":"","messaging-experiments":"","snippets":"","whats-new-panel":""},"totalBookmarksCount":5,"firefoxVersion":119,"region":"VN","needsUpdate":false,"hasPinnedTabs":false,"hasAccessedFxAPanel":false,"isWhatsNewPanelEnabled":true,"userPrefs":{"cfrFeatures":true,"cfrAddons":true,"snippets":false},"totalBlockedCount":5,"blockedCountByType":{"trackerCount":0,"cookieCount":4,"cryptominerCount":0,"fingerprinterCount":0,"socialCount":1},"attachedFxAOAuthClients":[],"platformName":"win","isChinaRepack":false,"userId":"267d124c-6747-48f9-ac7c-1fccdf7551f0","profileRestartCount":0,"homePageSettings":{"isWebExt":false,"isCustomUrl":false,"urls":[{"url":"about:home","host":""}],"isDefault":true,"isLocked":false},"newtabSettings":{"isWebExt":false,"isCustomUrl":false,"isDefault":true,"url":"about:newtab","host":""},"activeNotifications":true,"isMajorUpgrade":false,"hasActiveEnterprisePolicies":false,"userMonthlyActivity":[[23,"2023-10-29"]],"doesAppNeedPin":false,"doesAppNeedPrivatePin":true,"isBackgroundTaskMode":false,"backgroundTaskName":null,"userPrefersReducedMotion":false,"inMr2022Holdback":false,"distributionId":"","fxViewButtonAreaType":"toolbar","isDefaultHandler":{"html":true,"pdf":true},"defaultPDFHandler":{"registered":true,"knownBrowser":true},"creditCardsSaved":0,"addressesSaved":0,"hasMigratedBookmarks":false,"hasMigratedCSVPasswords":false,"hasMigratedHistory":true,"hasMigratedPasswords":false,"useEmbeddedMigrationWizard":true,"isRTAMO":false,"isDeviceMigration":false},"version":1}